Coordenada X, Coordenada Y, Coordenada Z
-86.20889513959887,14.67235840404141,419.96901975385845